testId,BEs,BLs,LE,LL,tCD,tBD,PF-%,PF-min,PF-cantc1000A,27125827.814570,0.000000,0.018875,0.000000,0.000000,0.000000,0.000000,0.000000,0
l1000A,0.000000,377581120.943953,0.000000,0.001356,0.000000,0.000000,0.000000,0.000000,0
rl1000A,0.000000,391437308.868502,0.000000,0.001308,0.000000,0.000000,0.000000,0.000000,0
c2000A2m,23260682.468424,0.000000,0.085982,0.000000,0.000000,0.000000,0.000000,0.000000,0
re2000A2m,393.060034,0.000000,0.026052,0.000000,0.000000,0.000000,0.000000,0.000000,0
lNSeq,0.000000,1662.877558,0.000000,0.006158,0.000000,0.000000,0.000000,0.000000,0
lNAleat,0.000000,293.208109,0.000000,0.034924,0.000000,0.000000,0.000000,0.000000,0
cNDir,0.000000,0.000000,0.000000,0.000000,0.001553,0.000000,0.000000,0.000000,0
bNDir,0.000000,0.000000,0.000000,0.000000,0.001553,0.001000,0.000000,0.000000,0
mFrag,0.000000,0.000000,0.000000,0.000000,0.000000,0.000000,99.322034,99.322034,1000
